<?xml version="1.0" encoding="UTF-8"?>
<launch4jConfig>
  <dontWrapJar>false</dontWrapJar>
  <headerType>gui</headerType>
  <jar>C:\jmusic\Build\ProteinMusicMaker15A.jar</jar>
  <outfile>ProteinMusicMaker15A.exe</outfile>
  <errTitle></errTitle>
  <cmdLine></cmdLine>
  <chdir>.</chdir>
  <priority>normal</priority>
  <downloadUrl>http://java.com/download</downloadUrl>
  <supportUrl></supportUrl>
  <stayAlive>false</stayAlive>
  <restartOnCrash>false</restartOnCrash>
  <manifest></manifest>
  <icon>C:\jmusic\Build\Iconos\formato ico\icons8-onda-sonora-500-2.ico</icon>
  <jre>
    <path></path>
    <bundledJre64Bit>false</bundledJre64Bit>
    <bundledJreAsFallback>false</bundledJreAsFallback>
    <minVersion>1.6.0</minVersion>
    <maxVersion></maxVersion>
    <jdkPreference>preferJre</jdkPreference>
    <runtimeBits>64/32</runtimeBits>
  </jre>
  <versionInfo>
    <fileVersion>2.0.0.0</fileVersion>
    <txtFileVersion>2.0.0.0</txtFileVersion>
    <fileDescription>ProteinMusicMaker15A</fileDescription>
    <copyright>Florentino Sanchez Garcia</copyright>
    <productVersion>2.0.0.0</productVersion>
    <txtProductVersion>2.0.0.0</txtProductVersion>
    <productName>ProteinMusicMaker15A</productName>
    <companyName>Florentino Sanchez Garcia</companyName>
    <internalName>ProteinMusicMaker15A</internalName>
    <originalFilename>ProteinMusicMaker15A.exe</originalFilename>
    <trademarks>Florentino Sanchez Garcia</trademarks>
    <language>CASTILIAN_SPANISH</language>
  </versionInfo>
  <messages>
    <startupErr>An error occurred while starting the application.</startupErr>
    <bundledJreErr>This application was configured to use a bundled Java Runtime Environment but the runtime is missing or corrupted.</bundledJreErr>
    <jreVersionErr>This application requires a Java Runtime Environment</jreVersionErr>
    <launcherErr>The registry refers to a nonexistent Java Runtime Environment installation or the runtime is corrupted.</launcherErr>
    <instanceAlreadyExistsMsg>An application instance is already running.</instanceAlreadyExistsMsg>
  </messages>
</launch4jConfig>